{
    "e_cc": -129.2286901882347,
    "e_ea_1": [
        -0.35645162,
        -0.35645162,
        0.00410340,
        0.00410340,
        0.00611685,
        0.03672724,
        0.03672724,
        0.07964011
    ]
}
