{
    "e_tot_pccd": -56.288865344795,
    "e_tot": -56.40401867,
    "e_corr": -0.11515332,
    "e_corr_d": -0.11515332,
    "e_corr_s": null
}
