{
    "e_tot": -37.68990377908444,
    "e_ee_4": 2.539058823190618
}
