{
    "e_tot": -288.8721972981787,
    "e_ee_4": 2.9963794616794237
}
