{
    "e_hf": -28.948818627810,
    "e_oopccd": -28.997549647067,
    "e_ccd": -29.0386605786,
    "e_fpccd": -29.0366116300,
    "e_fplccd": -29.0374085873,
    "e_ip_ccd": [
        2.309341e-01,
        2.662573e-01,
        3.080507e-01,
        3.455325e-01
    ],
    "e_ip_fpccd": [
        2.265904e-01,
        2.636954e-01,
        3.019214e-01,
        3.376309e-01
    ],
    "e_ip_fplccd": [
        2.270267e-01,
        2.644758e-01,
        3.027015e-01,
        3.384222e-01
    ],
    "e_ccsd": -29.0396637656,
    "e_lccsd": -29.0380068187,
    "e_fpccsd": -29.0367717243,
    "e_fplccsd": -29.0376846918,
    "e_ip_ccsd": [
        2.317876e-01,
        2.683284e-01,
        3.106148e-01,
        3.465028e-01
    ],
    "e_ip_lccsd": [
        2.257639e-01,
        2.671789e-01,
        3.077205e-01,
        3.316917e-01
    ],
    "e_ip_fpccsd": [
        2.276117e-01,
        2.653681e-01,
        3.042440e-01
    ],
    "e_ip_fplccsd": [
        2.281413e-01,
        2.664327e-01,
        3.053801e-01
    ],
    "e_dip_ccd": [
        0.7574413262911,
        0.8905126397780,
        0.9392379003686,
        1.0228850651803
    ],
    "e_dip_fpccd": [
        7.508389e-01,
        8.883678e-01,
        9.350442e-01,
        1.019420901
    ],
    "e_dip_fplccd": [
        7.515633e-01,
        8.891439e-01,
        9.358395e-01,
        1.019942
    ],
    "e_dip_ccsd": [
        7.602349e-01,
        8.925902e-01,
        9.419425e-01,
        1.02338410206
    ],
    "e_dip_lccsd": [
        7.494570e-01,
        8.922982e-01,
        9.413021e-01,
        1.02361831621
    ],
    "e_dip_fpccsd": [
        7.536113e-01,
        8.899698e-01,
        9.377962e-01,
        1.0214391519
    ],
    "e_dip_fplccsd": [
        7.545091e-01,
        8.909248e-01,
        9.390224e-01,
        1.0222965692
    ]
}
