{
    "e_ref": -56.195341335133,
    "e_tot": -56.404534989197664,
    "e_corr": -0.2091936543105653,
    "e_corr_d": -0.2091936543105653,
    "e_corr_s": 0.0000000000000000
}
