{
    "e_tot": -7.447695042609,
    "e_ip_1": [
        1.521497e-02,
        8.300638e-02,
        8.300638e-02,
        8.300638e-02,
        1.906477e-01
    ],
    "e_ip_3": [
        2.255413e00,
        2.255413e00,
        2.255413e00,
        2.397098e00,
        2.460538e00
    ]
}
