{
    "e_tot": -24.277354709090,
    "e_ea_1": [
        -3.037304e-01,
        -3.037304e-01,
        -3.037304e-01,
        -1.735911e-01,
        -1.735911e-01
    ],
    "e_ea_3": [
        -1.735911e-01,
        -1.735911e-01,
        -1.735911e-01,
        2.455349e-01,
        2.455349e-01
    ]
}
