{
    "e_tot": -7.436299562468,
    "e_ip_1": [
        0.00381319,
        0.07159869,
        0.07159869,
        0.07159869,
        0.1792413
    ],
    "e_ip_3": [
        2.249202e00,
        2.249202e00,
        2.249202e00,
        2.385702e00,
        2.455016e00
    ]
}
