{
    "e_tot": -288.8711579706293,
    "e_ee_4": 2.9691700341175373
}
