{
    "e_tot_pccd": -56.235650029799,
    "e_tot": -56.40187108073425,
    "e_corr": -0.16622105102133822,
    "e_corr_s": 0.00000000000000000,
    "e_corr_d": -0.16622105102133822

}
