{
    "e_cc": -129.2465123174703,
    "e_pccd": -129.0109270727112 ,
    "e_ea_1": [
        -0.3525808,
        -0.3525808,
        0.0123476,
        0.0123476,
        0.0299396,
        0.0388835,
        0.0388836,
        0.0892516
    ]}
