{
    "e_tot": -37.69159824199612,
    "e_ee_4": 2.584126059983305
}
