RMSE,MAE,Max Abs Error,R^2
1.6056944181315989,1.0771669873980971,13.104283471695737,0.8168268092115227
