{
    "e_tot": -288.877534676250,
    "e_ee_4": 3.121910226222584
}
