{
    "e_tot": -37.704953740197524,
    "e_ee_4": 2.937928656754106
}
