{
    "e_tot": -288.85708735617493,
    "e_ee_4": 2.568993048982433
}
