{
    "e_tot": -37.194223264348,
    "e_ip_0": [
        -5.264451e-01,
        -4.749906e-01,
        -4.538110e-01,
        -4.538110e-01
    ],
    "e_ip_2": [
        -5.264451e-01,
        -4.538110e-01,
        -4.538110e-01,
        -2.749086e-01
    ]
}
