{
    "e_tot": -24.277236427735,
    "e_ea_1": [
        -0.30354632,
        -0.30354632,
        -0.30354632,
        -0.17356166,
        -0.17356166
    ],
    "e_ea_3": [
        -1.735617e-01,
        -1.735617e-01,
        -1.735617e-01,
        2.455481e-01,
        2.455481e-01
    ]
}
