{
    "e_tot_pccd": -56.28886534,
    "e_tot": -56.40491460,
    "e_corr": -0.11604926,
    "e_corr_s": -0.00024475,
    "e_corr_d": -0.11580450

}
