{
"e_orb_ks":
            [
            -0.30629741,
            0.11775464,
            0.11775464,
            0.11775464,
            0.30058177,
            0.65633978,
            0.65633978,
            0.65633978,
            0.65633978,
            0.65633978,
            0.30018286,
            0.30018286,
            0.30018286
            ],
"e_orb_kp_0":
            [
                [
                    -0.96243971,
                    -0.18854277,
                    -0.18854277,
                    -0.18854277,
                    -0.00571564,
                    0.35004237,
                    0.35004237,
                    0.35004237,
                    0.35004237,
                    0.35004237,
                    -0.00611455,
                    -0.00611455,
                    -0.00611455
                ],
                [
                    -0.18854277,
                    0.62548915,
                    0.58406966,
                    0.58406966,
                    0.69788712,
                    1.13354189,
                    1.13110322,
                    1.10289366,
                    1.11392409,
                    1.13270172,
                    0.68925318,
                    0.67300899,
                    0.67584422
                ],
                [
                    -0.18854277,
                    0.58406966,
                    0.62548915,
                    0.58406966,
                    0.69788712,
                    1.12954743,
                    1.13379276,
                    1.13298574,
                    1.11249714,
                    1.10534151,
                    0.67254894,
                    0.68272828,
                    0.68282917
                ],
                [
                    -0.18854277,
                    0.58406966,
                    0.58406966,
                    0.62548915,
                    0.69788712,
                    1.10540943,
                    1.10360278,
                    1.13261935,
                    1.14207751,
                    1.13045551,
                    0.67630427,
                    0.68236912,
                    0.679433
                ],
                [
                    -0.00571564,
                    0.69788712,
                    0.69788712,
                    0.69788712,
                    0.8360575,
                    1.22730209,
                    1.22730209,
                    1.22730209,
                    1.22730209,
                    1.22730209,
                    0.82417576,
                    0.82417576,
                    0.82417576
                ],
                [
                    0.35004237,
                    1.13354189,
                    1.12954743,
                    1.10540943,
                    1.22730209,
                    1.68785961,
                    1.66453477,
                    1.64902674,
                    1.64432431,
                    1.64937863,
                    1.20998238,
                    1.20976015,
                    1.2031702
                ],
                [
                    0.35004237,
                    1.13110322,
                    1.13379276,
                    1.10360278,
                    1.22730209,
                    1.66453477,
                    1.68785961,
                    1.65033557,
                    1.64398178,
                    1.64841232,
                    1.20917808,
                    1.20886011,
                    1.20487455
                ],
                [
                    0.35004237,
                    1.10289366,
                    1.13298574,
                    1.13261935,
                    1.22730209,
                    1.64902674,
                    1.65033557,
                    1.68785961,
                    1.6586935,
                    1.64920864,
                    1.20047679,
                    1.21232331,
                    1.21011264
                ],
                [
                    0.35004237,
                    1.11392409,
                    1.11249714,
                    1.14207751,
                    1.22730209,
                    1.64432431,
                    1.64398178,
                    1.6586935,
                    1.68785961,
                    1.66026486,
                    1.20590293,
                    1.20641125,
                    1.21059856
                ],
                [
                    0.35004237,
                    1.13270172,
                    1.10534151,
                    1.13045551,
                    1.22730209,
                    1.64937863,
                    1.64841232,
                    1.64920864,
                    1.66026486,
                    1.68785961,
                    1.21264771,
                    1.20083308,
                    1.20943195
                ],
                [
                    -0.00611455,
                    0.68925318,
                    0.67254894,
                    0.67630427,
                    0.82417576,
                    1.20998238,
                    1.20917808,
                    1.20047679,
                    1.20590293,
                    1.21264771,
                    0.83015372,
                    0.80726145,
                    0.80726145
                ],
                [
                    -0.00611455,
                    0.67300899,
                    0.68272828,
                    0.68236912,
                    0.82417576,
                    1.20976015,
                    1.20886011,
                    1.21232331,
                    1.20641125,
                    1.20083308,
                    0.80726145,
                    0.83015372,
                    0.80726145
                ],
                [
                    -0.00611455,
                    0.67584422,
                    0.68282917,
                    0.679433,
                    0.82417576,
                    1.2031702,
                    1.20487455,
                    1.21011264,
                    1.21059856,
                    1.20943195,
                    0.80726145,
                    0.80726145,
                    0.83015372
                ]
            ],