{
    "e_ref": -100.00939084,
    "e_tot": -100.00988271,
    "t1_diagnostic": 0.0054051907
}
