{
    "e_cc": -129.253310690884,
    "e_pccd": -129.0109270727112 ,
    "e_ea_1": [
        -0.3434007,
        -0.3434007,
        0.0230071,
        0.0230071,
        0.0401077,
        0.0487091,
        0.0487091,
        0.1008124
    ]
}
