{
    "e_cc": -129.24590606673073,
    "e_pccd": -129.0109270727112 ,
    "e_ea_1": [
        -0.3463670,
        -0.3463670,
        0.0179643,
        0.0179643,
        0.0340395,
        0.0447793,
        0.0447793,
        0.0952397
    ]
}
