{
    "e_tot": -37.194223264348,
    "e_ip_4": [
        -2.749087e-01,
        3.644533e-01,
        3.644533e-01,
        4.870770e-01,
        5.050943e-01
    ]
}
