{
    "e_tot": -37.69016837901513,
    "e_ee_4": 2.5414841114925872
}
