{
    "e_tot": -129.214117132698,
    "e_ip_1": [
        -4.164033e-02,
        2.438168e-01,
        2.581753e-01,
        2.987167e-01,
        5.329344e-01
    ]
}
