{
    "e_ref": -100.08885944,
    "e_tot": -100.08885189
}
