{
    "e_tot": -37.181350747097,
    "e_ip_0": [
        -5.403875e-01,
        -4.853248e-01,
        -4.851959e-01,
        -4.643491e-01
    ],
    "e_ip_2": [
        -5.403875e-01,
        -4.643491e-01,
        -4.643491e-01,
        -2.845116e-01
    ],
    "e_ip_4": [
        -2.845116e-01,
        3.529028e-01,
        3.529028e-01,
        4.781519e-01,
        4.961400e-01
    ]
}
