{
    "e_ref": -100.08906717,
    "e_tot": -100.08905945
}
