{
    "e_tot": -288.872522066367,
    "e_ee_4": 2.9846476227876324
}
