{
"e_ee_pccd":
            [
                0.0,
                1.0226897,
                1.16608767,
                1.27175898,
                1.33609082,
                1.39944496,
                1.61265674
            ],

"mu_t_pccd":
            [
                [
                    1.2212453270876722e-15,
                    -0.7727842273440746,
                    0.0,
                    0.7727842273440746,
                    0.0
                ],
                [
                    -3.7994004753338205e-06,
                    0.7096294312300424,
                    0.0,
                    0.7096294312402135,
                    0.34333324683121064
                ],
                [
                    3.799400475450311e-06,
                    -0.6794178764158424,
                    0.0,
                    0.6794178764264658,
                    0.3588507700194126
                ],
                [
                    3.7994004754875146e-06,
                    -0.6621760400818959,
                    0.0,
                    0.662176040092796,
                    0.3717581326199731
                ],
                [
                    3.7994004755554305e-06,
                    -0.4703923543652434,
                    0.0,
                    0.47039235438058746,
                    0.19709029010299647
                ],
                [
                    3.799400475362168e-06,
                    -0.6550717324271094,
                    0.0,
                    0.6550717324381276,
                    0.4003522569828552
                ],
                [
                    3.799400475440748e-06,
                    -0.6516518522420188,
                    0.0,
                    0.6516518522530949,
                    0.4565432692483704
                ]
            ],

"e_ee_pccds":
            [
                0.0,
                0.35387531,
                0.42086738,
                0.42858904,
                0.50367286,
                0.57789585,
                0.67511086
            ],
"mu_t_pccds":
            [
                [
                    1.2212453270876722e-15,
                    -0.7727842273440746,
                    0.0,
                    0.7727842273440746,
                    0.0
                ],
                [
                    -1.2831101015901093e-15,
                    -0.41008234971398605,
                    0.0,
                    0.41008234971398605,
                    0.03967355906604534
                ],
                [
                    1.3010213085149823e-15,
                    0.32569212008382825,
                    0.0,
                    0.32569212008382825,
                    0.02976243864772037
                ],
                [
                    1.3900410233867943e-15,
                    0.45471699388585884,
                    0.0,
                    0.45471699388585884,
                    0.059078871902953585
                ],
                [
                    1.3583935002671151e-15,
                    0.5023413703990257,
                    0.0,
                    0.5023413703990257,
                    0.08473350654646096
                ],
                [
                    1.2863643133977378e-15,
                    0.41694552547529157,
                    0.0,
                    0.41694552547529157,
                    0.06697565186610856
                ],
                [
                    1.3629273889691725e-15,
                    0.4631385795136102,
                    0.0,
                    0.4631385795136102,
                    0.09653965598407505
                ]
            ]
}
