RMSE,MAE,Max Abs Error,R^2
1.5281858651533022,0.9420710858669371,12.332156701312954,0.8445325086025582
